{"loss": [1.0777710624841408, 1.0576936943893456, 1.0411690173958204, 1.0271964460173573, 1.0148974196779048, 1.004022521918546, 0.9938172483074799, 0.9845591168537401, 0.9757836374798553, 0.9671732405792243, 0.9589958816270489, 0.9509226539014731, 0.94291757731541, 0.9349898746596916, 0.9272216242086558, 0.9193956007589058, 0.911532942194944, 0.9033515871899068, 0.8955597105751968, 0.8872071974317594, 0.8791764314363398, 0.870964643054069, 0.8626135194035357, 0.8543058181209773, 0.8458915533148585, 0.837350225132542, 0.8287753981832214, 0.8200628047141091, 0.8114263953146066, 0.8027930339341854, 0.7940329489291174, 0.7854384463378193, 0.7768135089972205, 0.7680767195381487, 0.7593823449454474, 0.7506094649429262, 0.7420529662618823, 0.7336510776974717, 0.7250533566696895, 0.7165943897655728, 0.7081100446710556, 0.6998026227594434, 0.6917134410840297, 0.6835949344243262, 0.6754010023691968, 0.6674495640536678, 0.6595896428735255, 0.6519192680409633, 0.6441765968041495, 0.6362665959249364, 0.6286865651628478, 0.6212429574114781, 0.6137741324395984, 0.6065258670483689, 0.5993043998216276, 0.5923935311688056, 0.5854152462386435, 0.5784307895662296, 0.5717801759923672, 0.5649090174102054, 0.5583723174426577, 0.5516548969339058, 0.5452210983378754, 0.5388680059452752, 0.5324304280553913, 0.5262588966996072, 0.5201157085153882, 0.5140220615992985, 0.5079470331715262, 0.5020529247003109, 0.49623884403695334, 0.4903263182068916, 0.4845435534867578, 0.47898046301411645, 0.473303202370898, 0.46780551133179304, 0.4623037814605192, 0.4568583736458164, 0.4513675102851446, 0.44617592332774453, 0.4410946172323381, 0.4359376338277619, 0.4308334242381045, 0.42569683711910267, 0.4207693217572821, 0.4157981159580256, 0.41081929404934464, 0.4060291991380224, 0.40120036602362313, 0.3963164971779214, 0.39150147174603617, 0.38701814249051564, 0.38234278475578753, 0.3776561772579815, 0.37314126915557827, 0.36869062088310417, 0.36425694166554173, 0.35986194382971604, 0.35540708247683384, 0.3510372036932103], "val_loss": [1.1065864570953734, 1.0882657377083063, 1.073132110266688, 1.060022087283308, 1.0483132989204933, 1.0377748239138895, 1.0277235211776015, 1.0186621386702583, 1.0099185361412764, 1.0012083044575328, 0.9929366189942579, 0.9848404320552014, 0.9766774389055003, 0.968535291744029, 0.960629684593465, 0.952602706287539, 0.9443742390024404, 0.9362295721795955, 0.9280936815878283, 0.9197165303853267, 0.9114500116501203, 0.9030254689381457, 0.8945634065958074, 0.886107226216313, 0.8775005885580837, 0.868875996664452, 0.8601864826832251, 0.8514396824861047, 0.8425686056508694, 0.8337425067929113, 0.825020237140461, 0.816259679830785, 0.8075327924795807, 0.7986476277244391, 0.7899988929731095, 0.781218273800665, 0.7724296889553302, 0.7638244775847892, 0.7552194673314504, 0.7467358918732492, 0.7381450268386726, 0.7298609578318098, 0.7215817137826867, 0.713337330569151, 0.7050998075494285, 0.6970319439577934, 0.6891198447745484, 0.681287852923774, 0.6734614344688759, 0.6655313113105932, 0.6577874946745162, 0.6503204818306016, 0.6428033360827885, 0.635498815876582, 0.6281938325002572, 0.6212087094060603, 0.6141540555600146, 0.6072695843989387, 0.6003378420486504, 0.5936074391051968, 0.5869097326999602, 0.5801829820528629, 0.573691094783188, 0.5672203124732864, 0.560755670164976, 0.5544706052901226, 0.5482331751749976, 0.5419756511990417, 0.5358468167430093, 0.5298505647857013, 0.5237673889024828, 0.5178341530780917, 0.5119535499053406, 0.5063551514895368, 0.5005313567732054, 0.4948949520378723, 0.489247678536532, 0.48370683911145623, 0.4781892655162835, 0.4728427067862803, 0.4676365924045032, 0.46237286160737195, 0.45707821446687574, 0.4519096345353969, 0.44683245773451263, 0.441718418599852, 0.4366737425547399, 0.4317136176214793, 0.4267970696052349, 0.421922789541053, 0.417006673168503, 0.4122426910645223, 0.4075024051973978, 0.4028429430608949, 0.3980756989729851, 0.3935599349464036, 0.389036078004064, 0.3844769123685534, 0.3799931922842669, 0.37552082360430133]}